id,y
7000,144.29582901844142
7001,-96.45752081960968
7002,78.2126459907863
7003,62.30995326845057
7004,103.11980188597076
7005,364.6336091761283
7006,196.13513246763506
7007,234.58485254769633
7008,-122.42039512989031
7009,-151.28326592456935
7010,13.879398741720623
7011,-107.15353603270098
7012,279.51750981436874
7013,393.6344421052714
7014,274.2744646236626
7015,236.96809623643483
7016,35.379027719621575
7017,255.96004653470797
7018,-151.24133049152283
7019,-304.37292413288264
7020,55.09239817098013
7021,303.4936142821694
7022,-181.90910585155905
7023,-71.31402379818493
7024,196.03986324668554
7025,228.40942906103803
7026,-17.419043602164706
7027,105.54174580034439
7028,-170.01307450250715
7029,-153.73306976880758
7030,-46.569690836349295
7031,112.73530808183418
7032,-15.735242659853016
7033,49.614158588740366
7034,-19.69888911961398
7035,3.978554573171903
7036,98.89835065366611
7037,-326.7449818993781
7038,312.8984201967799
7039,-12.383336885659606
7040,176.6868164022408
7041,127.84079427851617
7042,553.7986062605424
7043,3.6833541710550914
7044,-234.5617771139777
7045,-82.44481265024957
7046,168.74303507190672
7047,-1.1444831326016907
7048,-45.53376012298537
7049,-33.482473852008624
7050,52.225585157455725
7051,31.71483275121869
7052,-359.6018116775771
7053,-20.07153711940886
7054,-110.02217459635546
7055,-498.88790165251845
7056,58.3670962232829
7057,15.002281503381205
7058,25.29925402255129
7059,-57.740089694405356
7060,-392.95651369753284
7061,-3.6670492294631867
7062,208.23468603096146
7063,-419.65248948979
7064,-103.0473602079609
7065,40.92626730957601
7066,141.11605516325164
7067,-345.9839140004808
7068,417.78609461817433
7069,-48.05048329013774
7070,-128.95014623488913
7071,280.2437296774112
7072,10.186453372974151
7073,-202.50442221030096
7074,-162.3261365776507
7075,-263.66393441159363
7076,-170.43731231650108
7077,449.13507762289663
7078,87.36880177939415
7079,-217.8621476210016
7080,-156.26784895328404
7081,264.25053990001607
7082,-356.01496324379434
7083,-195.108296477398
7084,-558.9272173522478
7085,-105.18701313821435
7086,-114.66900640102395
7087,130.2042405989397
7088,-63.272328369121304
7089,-160.00226557697061
7090,220.85168976664036
7091,209.88543261207613
7092,82.97669084009547
7093,298.297012858181
7094,105.49792048795253
7095,312.4933629770698
7096,290.6825613365515
7097,-102.26806198591764
7098,-11.083376858365614
7099,18.162285654984125
7100,213.45665812704755
7101,-303.4884387756674
7102,63.903479542883275
7103,70.28003821244909
7104,-101.0507724141094
7105,-115.13024466254195
7106,146.29224232080722
7107,-67.388576714637
7108,-300.0479270624815
7109,-85.22897144919575
7110,-137.70989477155806
7111,522.7486949266248
7112,184.63565281524788
7113,404.6941308150788
7114,-305.743324984748
7115,-367.9269142818856
7116,99.97574681452441
7117,-87.0870720697297
7118,-109.43785325800512
7119,-98.93518047464919
7120,-673.2216597644866
7121,-296.48184455280733
7122,540.9284920278141
7123,-549.0650701629488
7124,-45.22589972010653
7125,58.10309617479551
7126,494.95035049117416
7127,36.476269967278256
7128,-342.25083775153644
7129,-44.54341714489833
7130,138.74742905438745
7131,127.71647281609644
7132,151.16483031499146
7133,152.3158317021941
7134,605.2421548514716
7135,107.34947571124907
7136,-144.30329334660277
7137,-80.28789374317981
7138,117.03576688619988
7139,-40.30603405716166
7140,-33.42791080035733
7141,366.1333350299122
7142,17.582284283368203
7143,108.33947484808857
7144,-30.592025964018827
7145,-1.6941269788385407
7146,182.54283701388835
7147,5.330738386516424
7148,-78.66769541053142
7149,-222.381913967784
7150,215.90305737397318
7151,258.1846737911482
7152,172.57829761687879
7153,462.3069860037207
7154,-193.56876512075206
7155,-250.49160493050832
7156,-32.031686631110325
7157,2.9824168581099872
7158,53.02430211794404
7159,-226.75197602578044
7160,67.7198313368995
7161,-242.22945782692838
7162,31.632101209698707
7163,303.68237648651274
7164,-110.88080450719256
7165,198.48127921429656
7166,320.0253185213098
7167,-163.9060754337123
7168,49.12077845679061
7169,-266.6722742448687
7170,163.6692198905701
7171,-152.7990007320925
7172,82.87861135799757
7173,-419.69577566958526
7174,-187.37751540050118
7175,-106.85001023424937
7176,163.29780563557136
7177,-28.714955419115267
7178,-32.86857000647737
7179,-383.7834715011257
7180,-71.56764579265817
7181,-146.96144486552112
7182,27.61933421624975
7183,-202.8935013864755
7184,-359.29884455697294
7185,-240.84842265812352
7186,362.67283404340566
7187,184.28953960114356
7188,-31.02467017478598
7189,-24.370404775209774
7190,-104.52151500605241
7191,-6.66888488105597
7192,82.25079720159673
7193,-97.15781948430475
7194,270.45530228783684
7195,-193.2201559632053
7196,-91.97415175202521
7197,-87.15908985892655
7198,263.2254364465967
7199,-74.53039675159033
7200,476.2614564780871
7201,455.38260054319477
7202,-25.36310760511494
7203,26.50064990799886
7204,150.1222597616006
7205,-326.0837672090444
7206,-230.59620029354647
7207,-143.12659559379716
7208,146.09338791934806
7209,248.79554777840704
7210,121.22952831772591
7211,-146.2928076400808
7212,-272.41454628737614
7213,374.5803985937734
7214,-182.81526419063624
7215,-111.1445049587593
7216,-31.093276526695348
7217,-312.1178620053541
7218,-29.596965512394817
7219,-163.76695095478763
7220,29.681137958821665
7221,-273.17647834149466
7222,-318.2291243140845
7223,325.80228067640735
7224,315.0718570776948
7225,72.15731671795854
7226,-28.667448183481575
7227,118.81099947192011
7228,-84.65680275800796
7229,-62.39641909780178
7230,49.67171113744622
7231,12.400837814316288
7232,138.02996926580386
7233,22.094802574976555
7234,304.12128916116984
7235,-102.81763678322307
7236,281.62176739311127
7237,-403.7211500846593
7238,-30.71395802724983
7239,210.98218578368792
7240,287.3976989466753
7241,-291.3613477631878
7242,-34.43200886392279
7243,-100.68371842304506
7244,392.51679079637483
7245,-299.8783641480001
7246,44.862446479863046
7247,-424.3617230646854
7248,154.86608319549785
7249,-383.58889489497153
7250,-46.70698126558306
7251,298.28752173490824
7252,-418.93394185681444
7253,-135.8382092913669
7254,-80.57984810069728
7255,95.56032719550014
7256,112.36766428034447
7257,-350.35010409913735
7258,34.93000740451909
7259,-189.9817519358871
7260,-261.98575049500306
7261,27.60948338984899
7262,218.63971870870395
7263,322.0294758250745
7264,-281.53086913236456
7265,188.0800966976147
7266,71.99417384136709
7267,55.25092760798969
7268,-188.70131094714452
7269,56.93952644377911
7270,-6.268677004763148
7271,-136.27601255562422
7272,55.43652925130433
7273,35.63554527722435
7274,5.903084579844322
7275,84.05804187003918
7276,-196.78645476202647
7277,-149.56029460593405
7278,-299.28060876147026
7279,-91.33923953929192
7280,192.99981921290473
7281,25.915035910775615
7282,-130.827633068363
7283,55.81009547824406
7284,-1.7035313445975184
7285,89.44413438260729
7286,-69.71024021200621
7287,82.92638760006491
7288,262.10025941092636
7289,234.38005146307077
7290,498.88904616424804
7291,370.5755298959438
7292,-39.188691466608624
7293,324.51079063113633
7294,2.8477294329299205
7295,-56.82681178231606
7296,-104.60127074987577
7297,-118.09045776829117
7298,-190.5646482958653
7299,-217.56565143512626
7300,129.69865495921889
7301,584.473431720469
7302,-264.1409112636259
7303,85.70857942801219
7304,270.4486551052599
7305,130.7768184906784
7306,-168.44616225927965
7307,265.5621052525222
7308,127.92053351959211
7309,-253.9345897540696
7310,124.92637418812572
7311,-118.08318900618248
7312,-70.4691465321904
7313,-209.886764611254
7314,-40.26095159913221
7315,-196.41087987713678
7316,158.58684692231358
7317,194.55765989767647
7318,-171.09781976436048
7319,210.21072566060494
7320,12.122181008901414
7321,-187.87551356745948
7322,-360.23813032402853
7323,395.38878481488945
7324,-322.20651790516075
7325,36.156469153980204
7326,158.02741483905788
7327,-176.151568827037
7328,17.898220556189802
7329,310.29967532894096
7330,-90.6218913087796
7331,54.49437406322573
7332,-53.02714788476356
7333,109.83448254364933
7334,-356.81692629027833
7335,-328.1244114840189
7336,524.6361946231516
7337,-478.88088535778326
7338,-292.5316255619865
7339,131.71213001647536
7340,-57.578656766072434
7341,14.174923171932244
7342,126.5874881464291
7343,-157.87544965577646
7344,394.1889659374738
7345,282.49999090023937
7346,208.72352923358608
7347,-341.64099016911035
7348,222.93279253189186
7349,356.54501541475196
7350,-72.9650534848989
7351,155.4853149564353
7352,-198.69296678777758
7353,-67.76359980249259
7354,9.224521677321516
7355,-31.801014633199088
7356,375.19447108310015
7357,323.8784881023878
7358,279.2419799890912
7359,163.5169198576948
7360,-432.20831361518754
7361,-0.5543144899125503
7362,-56.35997927817618
7363,-24.898957035352293
7364,50.95408255944752
7365,-133.22509601294013
7366,192.29097893045724
7367,-145.78022873118735
7368,276.68076040172883
7369,-244.38108947956374
7370,-47.39307891113338
7371,-12.139367295698914
7372,-125.14958086735473
7373,134.41843789424658
7374,-495.33425944153123
7375,-207.16489901094758
7376,-8.649410768821717
7377,-303.59561950145445
7378,-399.7076033668346
7379,-9.070852158446016
7380,121.54826530209066
7381,83.33405935666407
7382,96.64314112766236
7383,148.77874637384747
7384,43.2221478589711
7385,140.81387276196367
7386,-127.70082810338812
7387,-301.10954435244355
7388,368.8097588433379
7389,-232.88603985134387
7390,48.902821603857056
7391,-303.2308888390203
7392,111.41565773252748
7393,-213.04366504752448
7394,-125.80688347951163
7395,-303.1904300810229
7396,-116.29545354383268
7397,333.71549565162667
7398,3.3993480268158347
7399,229.01687210983616
7400,2.9877358238312595
7401,135.910736439642
7402,-22.86210535603847
7403,-268.9126384078775
7404,145.70100018234427
7405,49.40570760846876
7406,-396.7644994186249
7407,-96.71416280842574
7408,-195.82101080794052
7409,-293.8528427890679
7410,294.86451875791613
7411,-76.90487900567332
7412,-252.28493708827276
7413,-151.86503443463883
7414,-143.15558574291816
7415,164.862914698298
7416,97.42096771432442
7417,81.59621510374296
7418,-219.10241237272464
7419,-402.45940080576867
7420,-35.35114684791104
7421,433.9651939482786
7422,-266.8218929990714
7423,-30.191808410214804
7424,21.320581139952715
7425,-175.2029052167891
7426,-57.372959568313036
7427,-380.6498906789541
7428,-266.3878477530144
7429,31.23381962919277
7430,293.1907333314655
7431,372.97099562667296
7432,-324.0567542922874
7433,410.6513718474614
7434,176.65601688073838
7435,75.81073857911986
7436,-272.3135913820011
7437,270.2134003269909
7438,-287.5213482456805
7439,70.60581869242307
7440,-17.146628195367832
7441,278.29037821215866
7442,-157.55676324053718
7443,-62.71496156301935
7444,-202.1890394794184
7445,-1.2605078332064241
7446,85.14149203777758
7447,374.3375009613629
7448,-21.05888428415559
7449,171.0271256923593
7450,88.2090776988042
7451,274.75901496624294
7452,190.7840669076855
7453,-89.74615367114637
7454,126.1900387735919
7455,-56.63364873698944
7456,146.16520165167955
7457,435.2194231578302
7458,42.793910973201875
7459,75.45248099464227
7460,445.62292053261785
7461,49.11758526101382
7462,-286.8470823776903
7463,-222.12675641001664
7464,-234.80611029703198
7465,-233.3745302535528
7466,392.8215478165468
7467,158.35386524330832
7468,-432.04500862903706
7469,62.05966026575677
7470,-129.46764151883318
7471,87.49380554382965
7472,359.2328672313282
7473,-335.40727369400895
7474,236.92829602501047
7475,-40.14415995115661
7476,-107.69043449111291
7477,-284.5186400707045
7478,-322.3404898380517
7479,92.26877481962019
7480,-232.69854282600897
7481,-349.65583931752496
7482,-362.8753017941675
7483,-563.4872803026598
7484,-49.677506179153426
7485,-394.76362102667787
7486,196.56470609051854
7487,520.6534823462648
7488,-67.59295603559009
7489,7.403497763335558
7490,4.786409217115661
7491,68.37688547968521
7492,343.4478217990008
7493,-100.02130299987773
7494,-156.99975996596777
7495,-268.98797171566866
7496,256.5049793250429
7497,-340.48688533844023
7498,-195.01959582946284
7499,-3.736987407233616
7500,63.21580258275356
7501,-11.78339847475082
7502,-212.83149635397584
7503,292.9280831401749
7504,-65.20569517516499
7505,130.347142618815
7506,5.473520054396823
7507,178.2163056618018
7508,21.276872891368082
7509,-158.03216488637875
7510,-79.79527027438233
7511,-71.57856259572654
7512,-75.34715730965587
7513,-325.99125049917626
7514,-12.670584097807085
7515,314.10685948604265
7516,320.9355067958905
7517,202.47052837399127
7518,-127.0774828439192
7519,-142.0007564161896
7520,241.68030642029623
7521,-344.24570235026493
7522,-112.5153852822785
7523,-133.27552481732573
7524,58.39043776470286
7525,-265.25890347726386
7526,-188.9195665591961
7527,-388.40431474843916
7528,172.98055480647864
7529,64.28064960515457
7530,243.65882372634567
7531,112.73488873600925
7532,-306.93346193151604
7533,-465.8466342551031
7534,-17.53770013143617
7535,6.874822378628959
7536,-47.967694056007765
7537,-56.21384492063911
7538,-8.023442871733526
7539,-106.07464052001194
7540,9.48333233809763
7541,-21.476317817399504
7542,-87.45300061555028
7543,-77.31530273010928
7544,-85.35268127354183
7545,153.09983127016335
7546,247.90295850503495
7547,-213.81811951358165
7548,-425.37894677123575
7549,-224.49477651948217
7550,-116.0243819062236
7551,128.30837158337891
7552,45.74829846964325
7553,-129.17833815640606
7554,-417.762315610015
7555,116.52408397093144
7556,71.24976175827231
7557,-265.3225598410868
7558,-285.821858645565
7559,137.39371405252052
7560,-178.0312261336733
7561,78.04433014450976
7562,462.72941165267673
7563,-20.49702894308834
7564,176.7240744643521
7565,-71.30998590675375
7566,140.1951749666619
7567,-209.6319151671685
7568,-70.71441407829566
7569,300.9662939469753
7570,52.14146928042849
7571,-176.02672145012127
7572,-380.4610335698647
7573,-49.785115834307675
7574,-111.48364615232163
7575,259.7532051326258
7576,-147.49071395566912
7577,-225.93607754603667
7578,-27.22907166943372
7579,170.1703678481464
7580,153.17611697139284
7581,75.80783265512387
7582,-127.04292740731279
7583,-158.359318391795
7584,175.92937601390352
7585,-298.69550432226436
7586,33.02099685091274
7587,-71.02315846877732
7588,79.63373586612397
7589,182.80763729858825
7590,128.2356755371989
7591,-48.320051789228486
7592,-175.46555928604022
7593,-146.17499938430507
7594,108.29365831677549
7595,416.749528459305
7596,445.5022612687223
7597,-196.37569105733155
7598,-56.55046098320253
7599,8.546793220849496
7600,94.02556433133445
7601,-164.01654970174323
7602,-217.28720328884964
7603,-22.16957709430347
7604,-259.387533735855
7605,260.5989857231116
7606,-37.612078593082785
7607,-322.3941195440482
7608,-199.13244318794852
7609,-148.7303305045651
7610,361.82239224432107
7611,-359.4127704991461
7612,325.4480260341332
7613,79.34803322011324
7614,-117.96594147895303
7615,-327.7004000971227
7616,109.87340553407523
7617,27.499884194309633
7618,-90.74039920086148
7619,-7.089181836830215
7620,-110.50755253685185
7621,-93.96538479931196
7622,86.34857181275879
7623,-149.9973015946432
7624,12.30206210857542
7625,43.58473180061912
7626,-151.28065901027784
7627,-245.9869353034636
7628,238.65928850008882
7629,-41.193033489614315
7630,143.11575027179362
7631,-116.68362255007057
7632,-160.88062281430348
7633,520.9033342895553
7634,477.2973755033182
7635,144.922739629272
7636,472.84036191539127
7637,249.36781126481236
7638,-230.2749138192151
7639,98.25131665676231
7640,-140.69754665824078
7641,-243.15144975077828
7642,125.31708783796111
7643,196.40943470402925
7644,-127.0803446419502
7645,390.15893140595676
7646,-160.112010329295
7647,125.6660248247367
7648,-54.02369674108029
7649,-306.56951671064917
7650,-355.4212974840381
7651,175.07952181329216
7652,-270.4046738358484
7653,-52.24831091363855
7654,-103.11509107683976
7655,-48.28588286579661
7656,-42.064738555356236
7657,135.67148739986885
7658,-36.96199031922304
7659,369.68528831972475
7660,67.90487258428439
7661,20.040247249457504
7662,81.17088734414925
7663,-44.56334355419057
7664,34.44931303413425
7665,-135.2830095547275
7666,-167.83198134566317
7667,-141.80978411421313
7668,-37.017205940642924
7669,-30.482338757148863
7670,-461.07240514105644
7671,-37.588767836124646
7672,520.051143635498
7673,14.05105490887092
7674,179.90601758003203
7675,-336.5021519749306
7676,219.0581362285049
7677,205.27566956222685
7678,243.02529012115662
7679,-12.637760291920216
7680,79.46226169082799
7681,-296.1121264534349
7682,246.59346343934106
7683,262.45918495761833
7684,-16.089750584991446
7685,-196.77216962820438
7686,370.7195446078581
7687,-269.48002897507655
7688,430.9676948205923
7689,-600.2550413151978
7690,-374.83196933240936
7691,335.4923291610248
7692,-273.52388522779916
7693,154.10695000634541
7694,-165.46132895553325
7695,301.84086985005376
7696,12.50488444566664
7697,128.13836897197322
7698,57.44333824761126
7699,290.9719387163656
7700,-251.9237630797173
7701,225.02940437105286
7702,55.10358685449133
7703,-321.1144951446586
7704,15.990317620618073
7705,38.02486062931582
7706,405.7102469963109
7707,-416.5645104733837
7708,172.8350747024066
7709,173.2270142196083
7710,-123.51417825885208
7711,-140.97865453473997
7712,-364.8621448284225
7713,34.628133293262984
7714,-113.47365019173616
7715,-224.25521346320605
7716,274.6406307332649
7717,-242.32091044922876
7718,-396.59227093072394
7719,351.361354429514
7720,160.82365373358655
7721,148.43556566894952
7722,-90.13863173139177
7723,68.53571644765498
7724,-123.29578665321709
7725,329.5436029530222
7726,-64.37738025055681
7727,-132.8555912898845
7728,-10.658291034377658
7729,-196.12931184239045
7730,-173.66827546541595
7731,187.45066192247359
7732,152.79076094400074
7733,-169.15654492272967
7734,176.20308005386624
7735,-160.9846306751983
7736,259.7603521789311
7737,-317.74094257988605
7738,5.267729362584922
7739,196.5778736400334
7740,52.824211732312904
7741,-62.96125016072764
7742,79.82936817810067
7743,208.782801929015
7744,160.09176978840716
7745,-174.53480714672324
7746,125.31982952388883
7747,226.93013970228907
7748,-124.03581127409774
7749,0.6263928612821343
7750,236.51274563924076
7751,-113.55985162645818
7752,-221.57719769400322
7753,125.39318189440199
7754,-347.8860658755597
7755,11.873670602027685
7756,20.27408600624573
7757,-161.6502336951704
7758,17.88737298414393
7759,39.268894131438714
7760,-326.5983611497977
7761,33.38015263399006
7762,97.97050116654036
7763,36.77539424944818
7764,-4.821540789217934
7765,-234.9581307160563
7766,-152.95477553266008
7767,-117.79366469260799
7768,-63.876470189794624
7769,-183.0285070492293
7770,401.5305932433989
7771,370.1486152739829
7772,-357.36347212491336
7773,52.92358221199609
7774,261.14828529136753
7775,-190.23697078255273
7776,222.87732928030698
7777,-224.57808617930678
7778,131.53387420094927
7779,47.61336244674146
7780,484.6001516453619
7781,-477.335546592015
7782,-191.05544158015232
7783,137.50874459059986
7784,343.9473888641688
7785,-162.18346633051385
7786,59.00245525444856
7787,205.3097499842134
7788,-108.2206370857021
7789,-49.83325608602303
7790,182.65322785051518
7791,-133.56221812991117
7792,-255.71859762663078
7793,-4.2169922541473355
7794,118.75693078794475
7795,67.06378481908172
7796,421.055499993008
7797,3.433829789171136
7798,-279.63431432252594
7799,94.15830931689905
7800,-274.17081910337413
7801,54.57031826357544
7802,-80.64783254195821
7803,-56.217269660402636
7804,-510.7059980983269
7805,-119.0740693411204
7806,92.48524548501676
7807,33.92414405425145
7808,336.0260431594835
7809,-195.0881759011753
7810,149.55173752405395
7811,-78.13394632815867
7812,14.5178300100457
7813,240.29035527029228
7814,-123.73362560924602
7815,226.9698641637468
7816,198.5744067913473
7817,124.70933817163508
7818,7.054093111101402
7819,-113.93140467531684
7820,9.809367866896597
7821,51.054796720813926
7822,-293.8613402651133
7823,30.103375778604043
7824,202.31907508276188
7825,35.799818887969465
7826,-439.8283315591967
7827,-159.98510399017113
7828,-54.01482481016685
7829,265.2389615765025
7830,308.3968450765068
7831,-189.95314726728859
7832,56.724546766156614
7833,-87.66368505339959
7834,217.3609705589328
7835,-175.7958185150206
7836,142.854231506784
7837,246.2264456462791
7838,-144.17590886652252
7839,-156.4811045801714
7840,-319.0439551374262
7841,315.488590572964
7842,2.0728576097532776
7843,398.0460090432087
7844,176.32189946651843
7845,293.4191292536305
7846,257.93103498323813
7847,-27.92853827943082
7848,172.46695803614003
7849,-208.9734099346249
7850,-143.6587190173187
7851,102.00429439879674
7852,150.36026822245316
7853,61.21395911758614
7854,63.784499083661146
7855,139.9381176833145
7856,-28.4902265864043
7857,70.42955194602371
7858,-147.56799606456607
7859,67.51298587950795
7860,-138.61770792364698
7861,-141.03222714754156
7862,23.991384432117002
7863,207.4232404144078
7864,150.85485085174454
7865,31.032121908941757
7866,-294.08722467776073
7867,222.36298343882183
7868,249.98095642886594
7869,142.20595138349327
7870,311.5278336026688
7871,3.966408190465204
7872,-44.85371375693307
7873,240.60763334117192
7874,190.24752826554356
7875,-44.680876272462946
7876,-456.06329822777957
7877,91.6983574355268
7878,-46.17645373502816
7879,-79.56564454240038
7880,135.76448748794226
7881,290.76647461471185
7882,337.4103388837945
7883,-125.43085914671805
7884,-33.90966311049049
7885,132.94756625573754
7886,132.78317642198365
7887,19.99022498397219
7888,59.397909323444914
7889,-813.5575592454703
7890,160.3888743276878
7891,65.25524920265094
7892,-207.9864367338855
7893,34.0946199224782
7894,-12.223779804524344
7895,637.6099456183127
7896,-163.32273632854697
7897,374.06469251975693
7898,-101.5054014403465
7899,119.84962253949156
7900,-50.4101369564538
7901,121.24744020448753
7902,-125.25866413493506
7903,-65.79338618629608
7904,-149.69737941114636
7905,142.95662137989117
7906,359.6108072293855
7907,-154.93398379491686
7908,134.63698176767673
7909,385.5530144532093
7910,312.2582604446744
7911,224.38635842774153
7912,-158.25280279580022
7913,-86.37957889067265
7914,-231.7866414537599
7915,503.0449096975148
7916,186.45502523898125
7917,253.43457172142612
7918,283.09585420644254
7919,168.22154005195924
7920,354.56353516625984
7921,121.83528380113312
7922,128.43234545045823
7923,-265.0298839849275
7924,203.00474909779416
7925,-213.57013744062647
7926,215.80061319434643
7927,448.5661843703295
7928,-96.46747784520265
7929,183.20631933287254
7930,206.10511757709995
7931,-170.3035043515127
7932,133.0734480362708
7933,14.24150398387965
7934,12.43253004202803
7935,-146.88168139298412
7936,129.28567118738528
7937,138.24191423534788
7938,-354.1808521560139
7939,286.11631214549067
7940,-187.72002767719897
7941,381.48244040981734
7942,-143.79186257435882
7943,35.91707483819624
7944,-246.552943565724
7945,22.511787224992872
7946,-165.35456822841894
7947,265.93533286455715
7948,-508.6547348688459
7949,41.703919977853474
7950,-108.9384148946292
7951,-244.0944212831936
7952,-59.49535828994956
7953,125.14594214947329
7954,-101.52028353954293
7955,-11.820497016832576
7956,-91.05781735426547
7957,-254.12145915460988
7958,-333.73203858533253
7959,43.58173298188923
7960,426.761398040936
7961,-244.25540883172897
7962,-64.20614638173954
7963,-285.9886281920131
7964,-128.48594822289797
7965,152.23056822759818
7966,-249.16608497182358
7967,-305.4290677846478
7968,-566.4989695490204
7969,-39.88593792141695
7970,-30.231157989883133
7971,-31.97254190459404
7972,-217.12803207027886
7973,-226.6137954587798
7974,15.739168346708023
7975,136.56091412569768
7976,690.7388865501764
7977,278.0836678692418
7978,103.04983358362774
7979,177.24182678524767
7980,88.0512306854784
7981,-115.12927355734014
7982,-47.73546423307014
7983,2.2468841667473978
7984,183.35510733216128
7985,499.82749304295874
7986,-78.61419191922523
7987,232.04643245965778
7988,194.96840454137396
7989,267.4102295658513
7990,-96.83400404210026
7991,-74.59317518916068
7992,-31.63284017150872
7993,-254.83025857667758
7994,290.77506368403306
7995,-75.95227441650752
7996,-388.709189741567
7997,205.78999161463142
7998,-259.5170957328419
7999,-363.9147533355136
8000,-88.2407275452653
8001,-216.78772680279425
8002,-137.21613493221054
8003,296.185874032535
8004,33.91667682854687
8005,260.8705964637255
8006,56.06605451576065
8007,-283.3851183037054
8008,-27.0914016325228
8009,96.64341166421052
8010,163.79627152427935
8011,304.43123086318565
8012,197.4429876051954
8013,275.0677084040346
8014,-244.9707651473941
8015,-89.58358853158693
8016,172.70084805743747
8017,-2.376083625629591
8018,-54.285555602787625
8019,-3.263161027917888
8020,-163.20642537572928
8021,-474.22319628230804
8022,-30.745231595864134
8023,253.5884353036974
8024,-136.0666846237345
8025,-244.00800423125182
8026,-138.94590223295396
8027,-300.8708972626817
8028,-29.771519732369434
8029,18.833484000440677
8030,48.74611453117597
8031,86.77545689726739
8032,-34.441490333725454
8033,22.13053719098967
8034,412.4339904474139
8035,-8.22700293110324
8036,177.8533143404692
8037,-248.42768564893538
8038,30.106001444023782
8039,-75.90243637003064
8040,-140.81383863334082
8041,-367.0823626984996
8042,-140.44720619867428
8043,-55.13228538823548
8044,-7.426160111800105
8045,-110.5887940145711
8046,416.2489364083944
8047,460.0640459297871
8048,-152.40400819510214
8049,-293.77185023230476
8050,-173.45297705398042
8051,-20.157874591362685
8052,-16.362598287639138
8053,-0.700719550660672
8054,59.81329041224278
8055,459.210694095993
8056,-265.30258032622976
8057,91.26627567389878
8058,-130.31516041044463
8059,308.94914264728936
8060,-152.8144455647418
8061,-331.7708473379977
8062,167.2331901695536
8063,-253.71611154839277
8064,18.038505103992232
8065,229.60827228226813
8066,-118.68772108933042
8067,-53.34616901909652
8068,-106.45866951807757
8069,156.05328782921603
8070,-311.5182312368526
8071,162.32774377785904
8072,-289.8744779794889
8073,-72.95878055610278
8074,-73.13970507480131
8075,199.95730322617393
8076,150.62340273630983
8077,-198.53468329173086
8078,-88.30956643662276
8079,-305.64520983206586
8080,-75.77305325600351
8081,-303.7312629829853
8082,-3.379550192029455
8083,176.24021344210323
8084,-382.5684064179199
8085,-376.90932043357157
8086,-28.795757188664656
8087,134.4617863643445
8088,-21.53539765799373
8089,93.36801114345127
8090,18.683345207340974
8091,-106.0342072233214
8092,-34.0424948639405
8093,398.25012020739393
8094,182.21025070971598
8095,53.59736299795643
8096,-356.3323302484307
8097,92.44090074029839
8098,159.8889969667749
8099,-317.17963408500805
8100,-147.43439334683887
8101,-247.1614332540091
8102,-21.345767844513382
8103,38.5373711592726
8104,-8.04370253746071
8105,-45.28036528721785
8106,-101.67598762625663
8107,120.21120064677983
8108,-260.5948016925624
8109,-96.74797164492409
8110,175.36393389478226
8111,-244.48238140767523
8112,278.43071199055584
8113,109.27563781200037
8114,-316.9936208814812
8115,-30.17976209337607
8116,209.56924714633382
8117,-60.73950255887718
8118,59.282063302812205
8119,-273.5408628212222
8120,94.36168787934902
8121,793.4035564463237
8122,-130.4100470154626
8123,380.7168953189425
8124,-60.828525833642324
8125,40.37707587824171
8126,451.01318521340977
8127,164.23970551746638
8128,-15.013637316662507
8129,447.68937899380194
8130,-215.67069157754628
8131,417.8563481044076
8132,125.7144082128109
8133,-47.492260427035816
8134,12.073386162404525
8135,-38.22637123643984
8136,-257.2339754080975
8137,-160.8213154237334
8138,-432.78623100914
8139,110.99686720194181
8140,182.6406030533403
8141,13.916520870811897
8142,-502.97959298332813
8143,-22.19746522303706
8144,-19.600080776716407
8145,-95.95923349594221
8146,99.6776487767993
8147,-246.0752942098607
8148,75.39522495709637
8149,391.7822467532646
8150,60.42524876220289
8151,-288.15577634722894
8152,-183.51740337993124
8153,93.17709667459484
8154,-180.51498337821653
8155,321.7994646015229
8156,38.56471317081593
8157,197.16662183397497
8158,243.06102935555916
8159,158.30857366872237
8160,10.567417126040572
8161,-282.2671864481638
8162,-58.666805489920264
8163,89.8736997332033
8164,295.0114920805163
8165,-134.20845182430264
8166,102.76609357980912
8167,-168.76079409969935
8168,0.27871335695973265
8169,-211.91859432751306
8170,-179.17665681345028
8171,-589.8294485048478
8172,-52.16902424317342
8173,107.55423349176343
8174,-188.34304602038134
8175,-135.58334203918696
8176,118.63433977177257
8177,224.22965961838418
8178,328.11848633018417
8179,-205.91645558182952
8180,142.92712184544396
8181,-125.52681908067034
8182,51.48525286759933
8183,135.88098825858046
8184,-2.9494200169768066
8185,-164.27530862450175
8186,-243.01221541398365
8187,339.53118310676314
8188,-162.44554351780596
8189,278.8970632533406
8190,199.57401805313827
8191,-97.30416003020152
8192,-234.86836365201745
8193,-170.71243675893663
8194,-258.4766496341927
8195,-169.33538071561082
8196,288.9319538815814
8197,-86.1230624235867
8198,-48.11163189874851
8199,257.29853667897396
8200,59.0461661701388
8201,91.58246146987254
8202,179.72699724511386
8203,-227.4452029367205
8204,-317.2672708239774
8205,398.28488207413926
8206,575.0329189411847
8207,183.22760375393088
8208,27.481510241376725
8209,-104.30762418723369
8210,434.7493305897144
8211,301.1158196516176
8212,-187.18187541842056
8213,189.8676658774814
8214,135.59158362465604
8215,477.4172550070779
8216,224.93458521009632
8217,56.90620962250692
8218,69.80748522413867
8219,-368.2958443846466
8220,-139.59273682257825
8221,-28.873472575445422
8222,-293.47213604982346
8223,-157.55459161616062
8224,-191.26323634066404
8225,-305.5098259439925
8226,17.601719702266323
8227,320.3387499306321
8228,-137.0419609624669
8229,-233.83298216012125
8230,-58.44149981701794
8231,100.78876192013091
8232,-28.497044387485385
8233,-92.03473827474343
8234,-108.24267115803534
8235,-51.649194827245
8236,-44.43770605553035
8237,-249.59305698908076
8238,-179.58997831817513
8239,-243.54281996719212
8240,43.454356671005385
8241,-246.3334832725414
8242,-331.3060862115013
8243,-146.4804207073947
8244,231.83618547117865
8245,287.06511487566456
8246,-241.94445383738508
8247,124.20961820683226
8248,-10.2050726125975
8249,153.7894345403713
8250,-39.20365005567989
8251,-259.5817373530757
8252,-186.524147149055
8253,223.62528471698502
8254,4.537434656453926
8255,216.00344408741873
8256,-77.93487232879829
8257,513.1428878210269
8258,-76.76243677871932
8259,330.73473993489404
8260,158.08374534726534
8261,-173.47460533852237
8262,280.5479270062905
8263,-371.90160176000205
8264,102.98373945641764
8265,-459.03035874220154
8266,-135.58804171670022
8267,-182.17030908252502
8268,-55.425442438023595
8269,-176.51736037188542
8270,96.50347349456575
8271,178.77315229606353
8272,698.8449133880762
8273,56.9761580442265
8274,45.835607617787495
8275,-163.92200445960395
8276,-62.38645209686513
8277,-205.96831945279575
8278,34.5034174951207
8279,-32.15610812886612
8280,189.4029062060137
8281,-3.6815842194860844
8282,-4.972782272236675
8283,229.17995314364276
8284,249.91951440164817
8285,-246.76462948470606
8286,-139.3768028171758
8287,-16.8289477290172
8288,-37.050567526378984
8289,-17.861665748221352
8290,151.01243196032604
8291,-529.1243362321345
8292,-87.0376260855919
8293,-259.55747456794086
8294,-195.641464251856
8295,-105.22034981659233
8296,167.574655332446
8297,243.52065554062884
8298,-79.30197289890158
8299,368.437439399581
8300,72.58347285977736
8301,-86.48041068630786
8302,-64.97654844868953
8303,-7.853132326522911
8304,264.21055520673985
8305,-98.72571116855599
8306,269.9603165431374
8307,62.81155420433096
8308,172.61510401349128
8309,182.7908026283873
8310,-202.56533244293865
8311,96.19766247289611
8312,39.022104325890695
8313,165.20061908956828
8314,384.8357092881829
8315,187.22337596305246
8316,-57.40165199212829
8317,346.3302708392685
8318,228.10929763525266
8319,-160.53780499134913
8320,-11.236970493635363
8321,-35.89215037057146
8322,126.73070601017697
8323,31.58718173612364
8324,-107.4724723361667
8325,197.41490172900401
8326,-239.7509315349654
8327,-368.573126335262
8328,333.1228839783955
8329,-7.619224148032558
8330,-18.564422622663713
8331,54.695159526866775
8332,-363.60789156529404
8333,290.5438736598269
8334,306.0868577637892
8335,141.63151189328673
8336,-263.76678581955804
8337,-122.69402451131934
8338,-133.8213940271038
8339,102.28844920605809
8340,-54.76999691704271
8341,-13.384882898031012
8342,90.6709656746248
8343,-112.83829981798199
8344,319.7478552594603
8345,178.42358682207583
8346,548.5749912780769
8347,-103.38996412517196
8348,17.783142613313903
8349,-208.58235466216652
8350,404.93208575859774
8351,-177.64047143000377
8352,-66.27283931220936
8353,-248.70977373543798
8354,-246.11820080365027
8355,201.80490040642067
8356,-290.6261845112527
8357,93.85776728775038
8358,168.0117536970795
8359,-50.968673629777946
8360,42.34303550919502
8361,410.522135906471
8362,-342.2790917278649
8363,-22.726096818533435
8364,12.078841577615854
8365,-227.12970309957092
8366,199.44406537767836
8367,100.15560309214229
8368,-506.0350135986824
8369,188.14199026429617
8370,-389.0942463918091
8371,178.3416619398306
8372,-155.06488969242133
8373,-120.35804539394132
8374,-55.002957161748476
8375,-271.0495448433379
8376,124.78766186746464
8377,340.9490904614591
8378,-344.8900928955464
8379,-273.32316241495886
8380,8.646510675055733
8381,-174.60362625109948
8382,-449.51920394192877
8383,-95.62160308267913
8384,279.0748016566939
8385,468.67719243402837
8386,99.99570042684088
8387,-439.4118683209618
8388,133.29283732666718
8389,181.05282348061667
8390,26.416612450044404
8391,141.06106040821584
8392,-183.15499154062405
8393,-70.79029520780156
8394,144.82422600339845
8395,6.989127241193934
8396,240.18854014376342
8397,112.5060383984067
8398,-159.98673963063035
8399,169.3139376393853
8400,-109.48597114258817
8401,126.835012968544
8402,270.50561078454797
8403,-23.16714693346789
8404,631.9607800334749
8405,58.45396588346285
8406,-10.941216707014746
8407,77.8653358150135
8408,274.97684590975746
8409,-162.41193807319902
8410,98.19624020589788
8411,-589.0644271108963
8412,-152.3605643706538
8413,312.9213426162543
8414,-132.63795966900375
8415,-139.44925026722825
8416,-238.11154810840415
8417,-167.353706421099
8418,-131.58830244861835
8419,-319.60066893199166
8420,-140.6701768678815
8421,221.61927352156283
8422,66.84576518090358
8423,-265.92295826141554
8424,-658.1803146609817
8425,131.36142513829904
8426,429.70325056731184
8427,74.26286511114839
8428,-358.47304110721933
8429,-14.343277306065277
8430,111.56831176378216
8431,-371.73772771935666
8432,-34.49149157854147
8433,146.26971828677233
8434,-241.6113304357779
8435,-98.85355940295014
8436,343.5015407361608
8437,-290.2277779659436
8438,-32.65287619938437
8439,-175.20004558539142
8440,-282.20128566631456
8441,332.35693199898265
8442,-126.61961564197227
8443,46.44264171024427
8444,131.31502504447252
8445,67.17638785200405
8446,-275.91504195373506
8447,-107.0831722472831
8448,-407.4622636154229
8449,-120.02877479714087
8450,-71.82154604101656
8451,36.97072844286046
8452,131.05325435814515
8453,44.18280334804992
8454,377.27221023260785
8455,98.0882299024418
8456,20.90320993897886
8457,-39.67418450874696
8458,-281.3825159008871
8459,267.44698085853327
8460,-164.59660101728318
8461,-217.36403180209396
8462,-215.39200633932228
8463,-137.4756668530537
8464,-237.3517156426814
8465,-59.47796892602851
8466,-278.1160930860228
8467,267.8637282696131
8468,-50.00010348213171
8469,20.353301794624485
8470,175.754573802607
8471,470.28431020968935
8472,-252.17589998260462
8473,-85.905301541182
8474,-117.25372710370883
8475,-384.97828685458967
8476,-356.37989185685046
8477,-404.08270558622996
8478,-137.3374777746339
8479,31.862311139148776
8480,-171.02329813323655
8481,-22.943026357231286
8482,-217.79619258653528
8483,90.66089238825904
8484,452.7800886127516
8485,20.95409937252893
8486,121.48841662763512
8487,109.43491772905168
8488,150.78532984153114
8489,-229.52743424311717
8490,-189.69406091289784
8491,-363.6139796278523
8492,-31.000162592126898
8493,117.23324782732143
8494,319.9882887842391
8495,84.43038134987484
8496,-130.30865832958648
8497,-17.455653216707574
8498,-135.28695862068125
8499,-94.20534460301461
8500,-0.5347447858312346
8501,-256.8937202825831
8502,178.3496749042438
8503,159.60707936359114
8504,-49.00168566117588
8505,159.61660638105894
8506,325.5682338982626
8507,-216.04725435905968
8508,45.20425642590531
8509,-36.180115213813885
8510,284.0140031664485
8511,169.57993619244363
8512,-20.2512656641893
8513,41.908269353739136
8514,63.2010546806091
8515,-3.819926901887756
8516,-475.95951888527264
8517,145.5779540815738
8518,-8.859657085125608
8519,-194.6635576095514
8520,156.89847177812157
8521,91.06250456744223
8522,137.9998521337359
8523,-236.98501911143995
8524,-300.18061840985735
8525,-21.032905843981148
8526,-328.637150005003
8527,231.23394765345003
8528,-153.9987534699926
8529,82.46835692211233
8530,-410.9927523530882
8531,-155.0604161180112
8532,-295.58366552343193
8533,62.18122065580348
8534,439.1873917546498
8535,38.9609186575126
8536,-112.21187283943993
8537,29.163467083077478
8538,-120.60034298064424
8539,-69.75147782570157
8540,-101.91703518964557
8541,-58.86895500885501
8542,457.24269931061167
8543,3.7871314319901415
8544,-42.54354185650455
8545,345.04048973177504
8546,176.1411349137685
8547,51.107384940647975
8548,144.38372519955604
8549,174.48767346187554
8550,-191.7096478854106
8551,-69.20841034552151
8552,-120.00777998038751
8553,-137.9709349200437
8554,70.39705988716521
8555,384.5684652410342
8556,167.75167117866496
8557,-136.72521729583252
8558,-5.121068624350747
8559,-260.96255211807096
8560,-274.6483400392342
8561,-43.161763742186146
8562,92.2971452114144
8563,-88.56116997761234
8564,-208.37284763166286
8565,331.43902577902065
8566,-211.22759241725058
8567,110.30950713641911
8568,298.37607848351024
8569,-236.5067393778222
8570,219.930206937258
8571,-174.27728704353282
8572,99.00555341691702
8573,-182.12107467477722
8574,107.40110636323413
8575,159.79891632367986
8576,-173.02862485711933
8577,-56.557413705423905
8578,-88.662772620204
8579,278.9410358445232
8580,281.25399621151007
8581,-196.59098858430238
8582,388.50641386525876
8583,-133.89194097867218
8584,15.649165271533006
8585,-31.24383797765137
8586,-157.59133921933073
8587,21.505414285107005
8588,-313.37241687478155
8589,26.902070358662133
8590,-261.9054944083367
8591,-250.39797432192006
8592,221.64702010310856
8593,291.0143609776571
8594,421.506098419027
8595,-203.1999307701916
8596,-171.31583732419028
8597,152.65491041573756
8598,-51.00870132035091
8599,394.73243773535467
8600,137.3030265304739
8601,152.62534603456234
8602,264.615361933658
8603,426.1813415462142
8604,612.7214694179289
8605,116.78150058084749
8606,-103.49812632975156
8607,175.89988073830062
8608,302.62510922217626
8609,275.588262926919
8610,-106.38192742653254
8611,203.35922758735677
8612,45.21077132657979
8613,5.235601977700988
8614,-131.60733279086898
8615,-355.10228454101826
8616,-227.8238624357635
8617,-238.1948447411921
8618,62.64252647201727
8619,-102.21887682030288
8620,-295.60089880276126
8621,-197.42056875233845
8622,187.99905248268487
8623,199.29205270217275
8624,273.05560398114756
8625,73.3021221010445
8626,-56.28072494483635
8627,-155.69563802788193
8628,223.71865679527744
8629,34.85060597296282
8630,47.597973955262596
8631,-263.5555899375282
8632,141.84868553715182
8633,42.63356716411395
8634,127.33989763543548
8635,356.16484120602826
8636,100.83403412285844
8637,-20.849023555423667
8638,454.3716329484279
8639,104.18165575610044
8640,-321.4930724100761
8641,-126.1306380633907
8642,36.88271630803692
8643,176.6086006135362
8644,-47.53433572339309
8645,-21.56467418775358
8646,317.5288942730208
8647,513.5641529936561
8648,-149.29866080812806
8649,125.79959388569692
8650,-152.057298142708
8651,-280.0814460468689
8652,172.3080695868131
8653,221.0350883206202
8654,-7.943355329275716
8655,-85.41152607533012
8656,150.33478500478108
8657,-135.4591731727932
8658,-53.251027980856875
8659,194.09819960118762
8660,-32.97360092264379
8661,500.6629048219445
8662,291.4682057223817
8663,-229.57603629321343
8664,-172.53385387056738
8665,-23.134660565384184
8666,-75.46799464992489
8667,-89.81233347835683
8668,-284.80487242337057
8669,15.400421859862373
8670,-39.24888265040792
8671,-203.6246649602553
8672,38.870090029275815
8673,-40.36400517290716
8674,-230.09134815152547
8675,-514.5555249210187
8676,161.72410755128976
8677,170.6625400379297
8678,22.567686328447635
8679,-105.51931084294999
8680,96.56978438265594
8681,5.92466024529463
8682,170.54605154782905
8683,-69.84912357132207
8684,-212.46403466657702
8685,-204.83570849867704
8686,-323.13077965302153
8687,-434.1919981910094
8688,71.0463905435765
8689,-175.03154960067891
8690,-288.0812058418448
8691,-198.2123463125508
8692,-226.21810986707752
8693,-50.18849681141533
8694,-5.51697072467462
8695,-102.15179931772698
8696,-98.84911559373938
8697,94.72398227653105
8698,213.7760734602886
8699,-161.40248458887444
8700,-214.98377637833565
8701,200.81131815816477
8702,339.58435465556175
8703,-5.104207745114085
8704,396.2657592852535
8705,204.11843021802608
8706,336.044708497931
8707,-107.63655396804471
8708,203.12238830900995
8709,-150.13565405704932
8710,-441.7447056031338
8711,-210.7437709106161
8712,59.94578189305615
8713,-41.1774707595068
8714,303.8183036432593
8715,-360.46384526532097
8716,-31.633115495111106
8717,170.07170765925667
8718,-97.79933203421339
8719,187.5544983634951
8720,-148.3584357783043
8721,-180.15737699457415
8722,162.9947755382865
8723,251.87347217365692
8724,574.1315187678854
8725,-22.590457948815267
8726,-70.29322364762983
8727,-56.40803304171848
8728,23.943085737785545
8729,198.24335524458624
8730,-162.13798001697262
8731,-41.01792198418024
8732,480.97076234292484
8733,-222.1862380456495
8734,28.810511719232096
8735,-232.47067245397398
8736,-149.51819360078423
8737,-22.215418843772245
8738,-466.8068151888661
8739,-444.20016736949316
8740,-55.31726612907558
8741,-73.38169541795415
8742,-214.77130327299474
8743,285.0070468710412
8744,-245.58395039329304
8745,-27.397596734279656
8746,-452.19650658836366
8747,80.34054310229833
8748,163.39349070593576
8749,345.65661117812
8750,-204.87993858304378
8751,-17.152100497692736
8752,315.85951526947565
8753,41.12497556912779
8754,297.6272053571297
8755,-176.77724440153213
8756,515.4960442474012
8757,-183.84028095638817
8758,-440.6415685365389
8759,91.7633374986966
8760,308.03390990574485
8761,-10.129294231577818
8762,272.4744103709057
8763,258.4780318839219
8764,-59.42241952636856
8765,352.196625361766
8766,146.2017537194094
8767,-189.12970854025212
8768,-59.457635957027655
8769,-155.09636610998552
8770,338.8248866105293
8771,-393.4392006169027
8772,18.43990915078136
8773,121.96287972712692
8774,-22.535285274220684
8775,160.04106037444214
8776,-53.33466305377554
8777,130.23861166697193
8778,-246.898653171487
8779,9.149960977453759
8780,-90.58106908934431
8781,70.89725399436465
8782,309.8783086313539
8783,-109.74804071004742
8784,276.6253136776676
8785,184.0162310171554
8786,-55.72257148308167
8787,45.728483497177805
8788,193.889222930915
8789,284.71856022320355
8790,-13.331725131243386
8791,359.3984526014651
8792,-43.676329062424145
8793,421.59086105526995
8794,309.2216118648549
8795,-95.17154268640056
8796,129.07130639440678
8797,26.588473116108958
8798,-275.84523331235624
8799,472.87858015990327
8800,152.97769173660825
8801,140.58812828034917
8802,13.184603301610847
8803,-246.56404992080184
8804,-211.6644797179835
8805,460.3881738794722
8806,-349.744848892003
8807,147.67219232648569
8808,122.6550498337692
8809,277.432506622843
8810,272.37776998438505
8811,217.1300839773161
8812,-105.5019517395622
8813,-122.37705387399367
8814,0.06406765362656008
8815,-165.77818566684854
8816,409.66087963491833
8817,-218.0925640333202
8818,220.41061158930972
8819,-102.52798126255281
8820,-99.17637021838983
8821,-79.76214349857182
8822,330.1443944326267
8823,-155.94069014002116
8824,-308.70381180083666
8825,-276.2995054893536
8826,-533.4049901116035
8827,-50.460226882101146
8828,80.7733209337989
8829,-564.6706456974495
8830,-65.96132617110095
8831,-25.065840648202236
8832,85.15098921378602
8833,-43.88483160523943
8834,-68.22252684406409
8835,259.47052243223527
8836,-519.4625171193796
8837,185.81985471911958
8838,209.4695241340139
8839,-128.32610672244988
8840,-83.04477674412146
8841,323.4717641880868
8842,-292.74983600430664
8843,-101.71357241418303
8844,-526.2006472436062
8845,-63.31639396609951
8846,298.4781035095603
8847,64.58600912513681
8848,183.11926041639913
8849,252.9644414574218
8850,-133.10552180179667
8851,184.09154178053998
8852,-6.116190194487048
8853,311.0175587774755
8854,200.75957328101163
8855,-109.68503918021504
8856,-486.2424931966284
8857,248.7024343211295
8858,-50.64785768814508
8859,131.86421046558686
8860,-89.25398010048596
8861,198.16764438816256
8862,100.92710027281777
8863,165.64287777150227
8864,-211.16391168367787
8865,324.09997074270325
8866,81.9832001606073
8867,87.94520876004302
8868,87.44355345816862
8869,-180.34600895733107
8870,-88.9661848338262
8871,-250.9238914441933
8872,65.57584122606832
8873,-65.41923430625023
8874,-373.8471301004875
8875,-97.93870371823039
8876,-246.84289888942652
8877,-179.97543251017805
8878,-88.76729628336344
8879,-130.90795166388108
8880,-308.85650308853786
8881,367.32747939850975
8882,50.91864878525631
8883,-69.0269724888364
8884,42.45281413688473
8885,235.5613474808516
8886,-89.19385923300081
8887,40.484295738882004
8888,-133.33880049440057
8889,-277.9114555045616
8890,-199.85187192773623
8891,-350.6731577645547
8892,-72.44848272116688
8893,-404.19971872977925
8894,178.7355559416363
8895,-2.344266247182584
8896,-161.71961932119933
8897,-125.93620113376218
8898,-43.48797036113031
8899,-194.09698651426817
8900,3.5669530870478905
8901,-131.20715443502974
8902,141.13712789176247
8903,-180.003351640352
8904,572.6133564956375
8905,-98.07204741694714
8906,279.38238248600743
8907,257.5785221893884
8908,262.11065867359014
8909,-150.46418059618094
8910,-117.07519674064868
8911,395.45017785853355
8912,-147.39287622767648
8913,-196.55980298718086
8914,177.32995674493836
8915,201.51346558450587
8916,247.65042387559294
8917,-124.20866196471366
8918,-66.27631730068723
8919,248.34438964183073
8920,108.51746591070946
8921,59.2129266920577
8922,65.39347950583964
8923,126.08361819488296
8924,-292.9205183850503
8925,-21.44655462988848
8926,146.3158050272855
8927,-523.022882621276
8928,128.4990319086791
8929,382.2821585990813
8930,43.076451085187145
8931,59.809014703442124
8932,289.65633233903975
8933,-204.67489222035468
8934,-72.90120842941724
8935,-187.25543255097048
8936,-328.7802916226182
8937,-40.57443170213436
8938,154.53585615734488
8939,-86.55025910185
8940,-33.726728501028944
8941,56.62262869092725
8942,-11.37923412816831
8943,-44.924389268480205
8944,-93.11199138289528
8945,-309.46113857694775
8946,-116.88791907237807
8947,-121.78432621657475
8948,-0.7785321995461927
8949,-180.25269181791484
8950,-0.593365432438322
8951,-45.37383487054569
8952,-51.32177409196805
8953,-282.85436567788184
8954,-94.32483578176395
8955,-184.62633689909015
8956,250.06314372825852
8957,126.0294666745686
8958,-298.4519941469381
8959,274.7388133373732
8960,132.73426296460968
8961,232.27404705291136
8962,86.25392145622367
8963,-197.91477547079404
8964,191.09900169659835
8965,-287.31686190487426
8966,61.22944688543479
8967,-33.882222228810534
8968,-150.399638739689
8969,81.62396213619655
8970,565.7480025209054
8971,-38.40753282380104
8972,59.21093932574135
8973,-491.14391903141143
8974,310.6052187625519
8975,84.58065062423364
8976,-60.13805414853638
8977,263.35047196731966
8978,394.609586514414
8979,251.96986415383134
8980,-158.9841017248683
8981,-36.09244784474293
8982,110.95423778208699
8983,545.5758256342835
8984,-232.75945092451784
8985,45.091206023144224
8986,-62.632304482499876
8987,-374.0465137202539
8988,-417.4948966034338
8989,-84.96769700002078
8990,153.60858986902258
8991,-64.86558493080122
8992,198.7782829812112
8993,-9.95823574377124
8994,20.223948426808615
8995,-96.53738763905132
8996,56.521558687444276
8997,48.322893601037165
8998,189.35908806653367
8999,134.6388440561194
9000,187.97604129161547
9001,-356.3851926924262
9002,-92.3355259894494
9003,47.343406067883485
9004,-173.8976351818621
9005,-97.02561054690135
9006,-219.34274478623738
9007,243.2762491251671
9008,137.24648705319495
9009,-19.120116968258596
9010,-187.87439725211848
9011,-199.7482705636962
9012,131.6816025486432
9013,-284.11326631374004
9014,-224.33140311825963
9015,306.5413575937185
9016,-69.35074012902707
9017,653.0310627981048
9018,-283.21615084759037
9019,-157.69897293314622
9020,249.9106833995812
9021,-188.50316366704496
9022,182.96469184119533
9023,54.223182837221735
9024,-451.3835883324279
9025,-129.26915087805133
9026,244.49455937199656
9027,38.231184690955715
9028,-59.35238257529413
9029,-184.18501814765096
9030,-284.2340886251732
9031,8.492463579664314
9032,141.80087812447908
9033,-263.23413177185654
9034,146.8864508175524
9035,-444.3681832365893
9036,-34.84597621778374
9037,344.21211466110833
9038,92.60825621082591
9039,-130.93636683169018
9040,-221.81341204213587
9041,459.3858413122751
9042,404.64257776704136
9043,45.69078949243041
9044,257.65172441715436
9045,-108.20622811325156
9046,-63.856788843687966
9047,-23.12358929807436
9048,-275.28159695163464
9049,37.39609569575689
9050,8.022384246658504
9051,-138.43506491038278
9052,-260.0683259153026
9053,357.74807035296004
9054,-206.70088038110168
9055,167.81208448260267
9056,57.723162034670416
9057,-185.75973986884603
9058,131.66659017462644
9059,40.939991556965744
9060,-157.94346620925592
9061,-132.5028984186262
9062,74.39324039407202
9063,290.6003686215903
9064,188.8967742588832
9065,-78.5201949253212
9066,-333.98981588157983
9067,-317.6342141457088
9068,101.67295250487875
9069,323.77384689806155
9070,169.86662048248772
9071,106.80591836855956
9072,-416.0146562669105
9073,23.919274380644232
9074,124.93037754852205
9075,-100.14601133570189
9076,36.790382532119516
9077,102.75175305462896
9078,-14.542174293787678
9079,-126.43846411363305
9080,272.4496593099089
9081,-51.21573434158957
9082,-45.66277933649403
9083,263.12969535167116
9084,201.11068030659257
9085,57.94322203001235
9086,-34.728435171166524
9087,261.34908530839886
9088,531.740596755795
9089,-4.61511720792417
9090,219.884215612738
9091,-20.694656476437732
9092,-150.16296129595153
9093,-40.00046909856946
9094,191.4698046152015
9095,274.39909114692534
9096,-208.04215357220843
9097,-247.34813500556243
9098,106.22435014163094
9099,-286.68680324881984
9100,-198.39044183009602
9101,-97.61100862166272
9102,99.90322056461113
9103,-34.77103179072808
9104,151.45721000915526
9105,123.88036439998227
9106,-298.621180522703
9107,52.90364034682547
9108,265.79840082282055
9109,-216.93410662953696
9110,170.13596390768163
9111,-238.99612395564074
9112,-355.82548787371087
9113,-168.82764096297058
9114,80.13542075987516
9115,-13.370220903885635
9116,-207.13889535433597
9117,-166.24097380280352
9118,55.65731081322226
9119,240.66540647219966
9120,-36.074195634942235
9121,-10.50486725361346
9122,111.86179093866859
9123,119.4071417783219
9124,243.60977667197557
9125,98.07271741659409
9126,60.75221063523914
9127,74.46824444271383
9128,567.7134567120222
9129,-20.494325351631307
9130,37.06865967414324
9131,-5.876150533818493
9132,-109.67240696685728
9133,-86.9825870979413
9134,251.90630627713625
9135,140.53650919622993
9136,-69.30119547415508
9137,-134.76066494875207
9138,3.5241288287309116
9139,-81.99524279686798
9140,-195.1913413323667
9141,-132.20296722695613
9142,79.64737932036277
9143,360.360283852778
9144,-193.92790009503733
9145,90.38677093495765
9146,-53.729774827233754
9147,153.61336864774302
9148,-13.35345275999412
9149,171.27023787615798
9150,-12.986747902754342
9151,-355.1431562387664
9152,-246.62096476377985
9153,220.5605867966458
9154,138.44313301176427
9155,-127.36929437525845
9156,-18.927341774660533
9157,140.11512886789157
9158,2.8438778713674173
9159,-115.10315289986957
9160,-209.71338811381884
9161,-172.11942198454923
9162,-213.12766440160962
9163,-92.59937904481545
9164,268.7592437456963
9165,292.86541764591567
9166,-301.2802789528692
9167,-110.51827265832421
9168,113.4414980871126
9169,263.3095481865934
9170,555.007062763422
9171,-4.238667806595568
9172,81.53480867774329
9173,-101.09238762083443
9174,163.72731258668577
9175,-17.42991773298575
9176,167.5882201026302
9177,-25.182615831405283
9178,91.06710359966374
9179,240.26614882237195
9180,310.1968824292688
9181,-95.39712730841337
9182,275.4963241375022
9183,18.933502734523696
9184,29.482257949487508
9185,-109.8299535519367
9186,-121.28562458428789
9187,-185.8744817449721
9188,142.35852963369473
9189,-106.75151587200486
9190,-68.0169829572107
9191,-175.54597026381106
9192,-225.04505828744797
9193,136.8357870492837
9194,-68.93392012441788
9195,69.47289225831295
9196,-186.77035403028304
9197,55.090396190168946
9198,-117.31161624106998
9199,61.62979306910645
9200,-36.6898224232063
9201,146.25435080221195
9202,-103.63244752989571
9203,76.29034900791324
9204,480.9980980715463
9205,683.4975493866084
9206,40.0936303903783
9207,-256.1307809048777
9208,191.5395818737034
9209,211.92254167403794
9210,-77.53849339063953
9211,-370.26911021745263
9212,-5.887001494876442
9213,50.50892352602229
9214,-130.81100109140786
9215,154.76696106916407
9216,-419.5279750938412
9217,-172.39253149431804
9218,-144.42003158339267
9219,407.3625433346927
9220,135.3801468936421
9221,295.63192976535606
9222,-241.8546847998779
9223,131.23766004893625
9224,57.57802137364166
9225,-139.47883686050335
9226,0.3528487134457337
9227,-76.15614966772458
9228,14.012271106471909
9229,-215.38742617697648
9230,-111.43694549546379
9231,59.16862102237671
9232,38.69122621112311
9233,77.08531042084236
9234,40.10701860858019
9235,281.1746303955974
9236,260.34367951490515
9237,-77.15421774258817
9238,-95.16711026783595
9239,-160.4437322109553
9240,-599.4834788509829
9241,-12.926498469909244
9242,175.71937729060346
9243,55.08544525615257
9244,26.366535316189612
9245,25.288999469180272
9246,6.52435743405641
9247,-103.09216292386976
9248,337.8352001559497
9249,172.9957628642802
9250,378.37348512144655
9251,-137.14777616752204
9252,152.95014878969818
9253,244.25683591690117
9254,0.7898102289780837
9255,155.89931847666347
9256,-174.4948059105082
9257,-156.89911093988303
9258,-50.298981592220095
9259,213.44179625548108
9260,122.38828457544636
9261,-11.305786435342565
9262,-111.8945964125041
9263,-134.2791119682409
9264,146.6705715173707
9265,-125.62553995086074
9266,186.68574458617945
9267,-182.53703689494336
9268,-125.66875951677052
9269,227.22162181605853
9270,-60.84214441488907
9271,11.331206510491732
9272,-117.90080060406248
9273,-61.57136076299741
9274,-363.5381784980929
9275,8.583535664805236
9276,-74.13233872419623
9277,320.9621943248325
9278,-311.7516439244677
9279,272.5131267195242
9280,-157.8704562889716
9281,115.02423761190873
9282,-107.81089375818637
9283,-673.3790174717873
9284,38.557531698590644
9285,53.69122541461213
9286,10.346181792370803
9287,-64.26608917305951
9288,-98.77624552457212
9289,-72.66615784337331
9290,213.9156435139861
9291,131.01408594237228
9292,129.27206626391418
9293,-251.15821688676306
9294,-31.133521057881865
9295,-224.42552093016548
9296,-35.236624657181764
9297,194.51624579175504
9298,-297.315706523437
9299,186.32704320935213
9300,-243.39136043859372
9301,-312.4548452995959
9302,97.12556826128937
9303,-32.82559001200461
9304,531.739475275163
9305,-224.06335631693818
9306,-15.31812150214703
9307,-60.67041055399612
9308,68.76538059507061
9309,203.97756270168244
9310,197.4982670808748
9311,-128.84318482305386
9312,227.86278498418167
9313,-101.69194159992459
9314,381.4569122673376
9315,500.90878279434975
9316,-79.67067584710553
9317,-68.48713290777762
9318,243.70101078754263
9319,316.6662697702718
9320,-267.6367229200152
9321,283.41593448463226
9322,-58.87792207916769
9323,-352.8535022563844
9324,-40.50406814762936
9325,-71.2887197070429
9326,317.62263024357685
9327,143.94448629952382
9328,-93.45158313619605
9329,-14.290904144388618
9330,-109.69141640737763
9331,-126.26997208940472
9332,277.91749809146256
9333,223.98969217472236
9334,-415.21559002113133
9335,-484.0529199826709
9336,48.35193928688192
9337,-128.7491286964651
9338,239.3870447684058
9339,-214.82795262089599
9340,41.118941182172954
9341,252.2687803764052
9342,-134.7989353025604
9343,-113.96885584351932
9344,208.42234319539722
9345,431.32411736486586
9346,531.9763371386844
9347,256.05011211343526
9348,-298.13163858057214
9349,-205.19611722485874
9350,103.14594431175422
9351,299.8454315338608
9352,58.64740109767807
9353,22.109887729655167
9354,2.369299974735021
9355,176.21027652531416
9356,201.19758287916662
9357,-337.33748099884826
9358,-121.32500187997086
9359,48.15771531294684
9360,17.496284358800807
9361,458.75158466032934
9362,78.09987551835773
9363,-152.79253950248807
9364,-255.46569449931772
9365,306.5298966368891
9366,-16.489176730020652
9367,-147.21509562400377
9368,-132.5865726197645
9369,13.325121575662676
9370,62.153838363396154
9371,173.6664104023351
9372,-175.87545914734713
9373,-246.00683425876483
9374,-85.82561801339743
9375,-260.1158149092441
9376,-128.9553610387784
9377,-205.27921872953715
9378,-122.87201012199593
9379,290.6971825363462
9380,112.57472091028525
9381,337.4651295531614
9382,94.10845005767139
9383,77.29512205118215
9384,122.02775091469972
9385,-98.84900109521533
9386,9.645942851299228
9387,-354.01914667401246
9388,137.99854690958006
9389,-170.87573205561398
9390,-75.7956246900165
9391,36.937882868206046
9392,-218.34276430221536
9393,-136.43356467494027
9394,59.90213581115523
9395,51.93053391099285
9396,428.1459681952661
9397,-167.6642189378578
9398,236.80800901668238
9399,-116.85143775145096
9400,35.952422975714825
9401,-536.181245907646
9402,-485.8670864225703
9403,203.3304272933593
9404,-41.831306782100526
9405,178.8988715366688
9406,-379.05267437888307
9407,-98.19265611652786
9408,75.18820638598206
9409,127.25195346692847
9410,227.714609103458
9411,-106.72499049675436
9412,-267.6382910514494
9413,-24.99166781122742
9414,451.4797963658778
9415,202.47973441552287
9416,314.83253586919176
9417,81.60671979370778
9418,-546.9146595994221
9419,517.4464047469262
9420,211.46670520303985
9421,108.90178240733663
9422,-235.93075946918293
9423,-28.124313721613355
9424,111.45900628077204
9425,-315.99220392609357
9426,178.15633739108173
9427,-17.283573763874788
9428,-353.8697059308627
9429,-128.46159741651175
9430,569.7232560560259
9431,491.6076671361025
9432,-473.1290124654151
9433,209.68222144801345
9434,-56.26233025023432
9435,118.42396931339033
9436,-113.6488743143684
9437,290.63676964421796
9438,74.40622408831877
9439,-189.33793246558588
9440,297.17002674346713
9441,-561.4854209458953
9442,117.48941343582298
9443,-39.33722636364208
9444,127.60131078155905
9445,-225.811559997771
9446,254.30022106994983
9447,-306.0545674444018
9448,203.04029558525605
9449,310.92096046520356
9450,258.54081676072985
9451,-314.62724761329815
9452,-505.8046363995472
9453,54.24248619196509
9454,51.27579040635028
9455,-64.26587869426004
9456,-158.06015338910092
9457,7.253463763822245
9458,129.67059302948934
9459,114.06284779931556
9460,99.86660156627087
9461,142.10444788747884
9462,-219.29515586127414
9463,-48.28250688793423
9464,-46.909710598507175
9465,65.39016739722523
9466,86.0268397760326
9467,-535.7699380469819
9468,284.27883448081826
9469,-99.94958523692395
9470,-64.08096854787844
9471,-27.57210050135478
9472,-21.3241065725615
9473,-81.06544489747637
9474,60.60058051001373
9475,-42.29985120066458
9476,-240.68507812102357
9477,134.53196902280385
9478,241.99967252951234
9479,-271.4458337628527
9480,43.31904440312149
9481,364.45418767055685
9482,79.83004554325413
9483,276.6907000261662
9484,62.254088544487885
9485,414.68705343015233
9486,-242.1769476892474
9487,-238.72991524702803
9488,127.37771365342392
9489,28.284140221605313
9490,378.39250798065007
9491,91.85362299344695
9492,420.65676502061854
9493,219.55980660566675
9494,-101.71024153658234
9495,6.612607727562803
9496,-239.292622690533
9497,141.89974136879434
9498,316.1373730763277
9499,2.84985566563829
9500,154.31359880078998
9501,-109.30621380519305
9502,-567.1146907682668
9503,203.9554141091321
9504,29.890263844208427
9505,77.89757250252796
9506,269.6690592134848
9507,-60.58868187705683
9508,100.83750140263558
9509,75.271035642061
9510,-106.68620992096359
9511,-25.053921940027024
9512,-203.0070508287829
9513,535.0451206390313
9514,-18.906631392283337
9515,-142.55239172003613
9516,36.363446326869216
9517,-235.22686122456835
9518,146.6748462367943
9519,24.121756115802114
9520,-219.12522800670928
9521,-227.80924271666584
9522,268.740442299274
9523,225.20424638736023
9524,12.621075033116636
9525,-296.3321136052574
9526,4.72234534107574
9527,-8.414685112407359
9528,-115.98986478757479
9529,-215.26914289512354
9530,-48.9764152236671
9531,15.960314196222065
9532,-186.37480117249825
9533,-114.57488094985135
9534,88.72534359449675
9535,-124.77885905150286
9536,-164.94603249133144
9537,-23.21797337305143
9538,-100.90929126035725
9539,99.82045333184203
9540,132.52149370004202
9541,-124.07744930309664
9542,256.29326462752437
9543,-124.40811709659143
9544,-7.556606661405597
9545,1.04130361084166
9546,133.5485314364148
9547,111.9177795537879
9548,286.7986855623495
9549,650.8052188343428
9550,-52.21592199057554
9551,69.26809351825588
9552,-265.2944900354794
9553,-260.9493757006904
9554,-256.3263309038194
9555,-99.79193222584856
9556,165.26706429088577
9557,130.18045502012848
9558,-147.84247211078502
9559,-178.01375485063502
9560,-190.23113295378377
9561,-369.6329298999755
9562,69.89796847583501
9563,-172.3369872109286
9564,-75.42767763819288
9565,-194.33510209323757
9566,159.60931189836754
9567,84.71034025608941
9568,-16.087399422496027
9569,-144.46188461336757
9570,174.4207993528183
9571,137.07088224001112
9572,-91.58478384773468
9573,147.06459151497185
9574,-146.6773685481956
9575,-361.00061758863023
9576,-214.1827678301327
9577,51.368638308655356
9578,-193.62893919368963
9579,-190.6413587737794
9580,-187.38332858270337
9581,192.6035081820488
9582,380.37193347065215
9583,-381.1546763590424
9584,-147.35635891132347
9585,84.77137927462636
9586,81.15301743055171
9587,480.2938238861133
9588,-185.25775644458275
9589,275.6568235870431
9590,34.49581937897971
9591,-95.76815889529415
9592,1.0418609689391203
9593,-101.8011706313188
9594,-6.046413440578998
9595,67.98991720428468
9596,-13.866013633368786
9597,26.156503372288405
9598,-55.6594599014372
9599,421.8566421593202
9600,-62.167412472148804
9601,-114.28723946378571
9602,389.60752678212276
9603,275.51877250325913
9604,-405.77620335404157
9605,175.13203014379965
9606,45.01517930860263
9607,-193.35563835905944
9608,-162.55429403427846
9609,-195.6003863980123
9610,-93.86298635264994
9611,-66.61386155315452
9612,-207.04475524547752
9613,277.3647387505002
9614,203.7569289085267
9615,-76.61899136803287
9616,163.75244755325303
9617,5.129480874755528
9618,166.51442183984207
9619,72.77519515004518
9620,-182.802393536041
9621,322.29712522947364
9622,-310.06227011209603
9623,-135.81128465818244
9624,-356.35544653778317
9625,-106.76514590982552
9626,-417.3151760086197
9627,233.17234668533823
9628,464.2023590940503
9629,91.03182021426271
9630,-549.5614999039399
9631,-192.0717756640259
9632,-155.0824931460898
9633,186.0734936866592
9634,-332.1710466847151
9635,90.95893746930511
9636,89.86937483193694
9637,329.43678945837837
9638,-223.37069001713036
9639,-47.90405781715008
9640,-89.0976458374575
9641,194.74710804791368
9642,314.18146550002587
9643,-159.77855802043828
9644,372.6309795754032
9645,251.30401497968458
9646,-45.42518411127341
9647,-116.87046820777718
9648,162.2959152147118
9649,350.64606526746445
9650,385.4524218623492
9651,125.66511642303509
9652,-164.40136891077293
9653,234.22304500187445
9654,-186.19653848077436
9655,-181.18801368147976
9656,10.197225297549455
9657,47.20003050325863
9658,179.65988484512087
9659,165.1929448465173
9660,-190.8352499816493
9661,12.332107729675146
9662,-108.83452943686783
9663,168.93377786171988
9664,70.10719001933279
9665,24.370614565497142
9666,-132.88728221356178
9667,492.0129229311626
9668,-31.36818682162478
9669,517.6563936452942
9670,-75.5989497585924
9671,-423.3881903591027
9672,-108.9407857994234
9673,-273.55275081033574
9674,196.32785273303074
9675,-207.1757910127631
9676,-363.4985391303341
9677,26.416719726665946
9678,203.60122672923885
9679,99.21417820861416
9680,-316.17314920242194
9681,-160.7669185707486
9682,-557.8963475258107
9683,207.60715328940526
9684,-95.63240570532156
9685,-427.7013324740323
9686,-188.95143595081385
9687,-50.25401791136701
9688,-326.34366153692537
9689,-112.81736042990931
9690,-98.99642169237023
9691,187.32014207438368
9692,-1.6293007002687458
9693,-203.85490226686366
9694,-171.26012918817844
9695,5.489788556768784
9696,80.75589002741064
9697,-696.4506246027569
9698,273.9200074055189
9699,-181.92745549557196
9700,252.79426744065222
9701,-215.02963686999897
9702,-32.27806282356373
9703,13.991287043313783
9704,123.50516062232987
9705,33.02805927589634
9706,-47.05388872190689
9707,-164.2358943928653
9708,184.4717091322323
9709,56.76733557983385
9710,202.04174948429295
9711,134.91889085360364
9712,268.6617887875668
9713,122.71155393193133
9714,17.455861782698367
9715,133.91221700111763
9716,168.12741579819814
9717,173.2403816485565
9718,38.947503278508066
9719,-261.7684793362653
9720,-115.00998389640336
9721,136.58607891760929
9722,291.24114531455393
9723,-13.931779298786603
9724,62.636211731041726
9725,-94.93455040634014
9726,-61.32008712615626
9727,32.26142671001836
9728,-2.448726620227119
9729,-12.725785143587256
9730,-42.483851324534015
9731,-198.29238491955903
9732,-244.3232216194125
9733,-29.184792662622655
9734,-202.58085833524274
9735,19.567951193166184
9736,-121.08359004618694
9737,397.8938641062581
9738,-169.67750387601862
9739,-75.6326292737938
9740,-31.87143316247703
9741,-50.59231419455666
9742,362.42113658853503
9743,-94.17211625313492
9744,135.01864994477347
9745,-239.56093318704916
9746,-565.4371232417622
9747,72.04331575196692
9748,160.67713403400631
9749,-527.1173679107161
9750,-33.026564797723715
9751,255.5399459921786
9752,52.88242116274271
9753,167.88491938997427
9754,-50.165451471381914
9755,70.497207170529
9756,27.03658808821553
9757,-13.003388725949177
9758,169.17477666343984
9759,-143.3389487619376
9760,285.4791763383542
9761,43.97303867351617
9762,146.64042451310917
9763,12.585941248179891
9764,-60.232093763167285
9765,-81.0657665054831
9766,256.9352016848209
9767,-81.00700235418381
9768,-377.17265388371663
9769,-13.823083286356326
9770,-271.596907571879
9771,62.215110912584265
9772,-13.00042455361057
9773,-168.3177008554469
9774,273.77546211749535
9775,-207.53052079312283
9776,35.95101616802449
9777,41.46829932042623
9778,-8.295724193315944
9779,410.8449000812987
9780,529.6855407723144
9781,217.15155906597758
9782,-52.54855869062174
9783,-498.487658835608
9784,-137.38062761765488
9785,42.70803981736627
9786,-158.77198733616814
9787,191.31939368138364
9788,25.382802766856695
9789,78.84762033662497
9790,55.77999035571099
9791,-77.47359199006752
9792,-157.5280995365786
9793,-153.79700115116609
9794,28.35136009464878
9795,392.35131232742583
9796,157.91277239037473
9797,-132.03391236908107
9798,45.626852194507705
9799,202.62045659760915
9800,-156.5178764857029
9801,-197.00289090717422
9802,-349.64811153409727
9803,354.06003693728576
9804,134.01754956822768
9805,84.87118241019307
9806,-38.03154896137618
9807,-69.18027430308972
9808,54.11530514921311
9809,-424.1153271414811
9810,151.91538321265494
9811,-51.2176610457257
9812,409.16421838533466
9813,191.8781706367778
9814,-17.82561608411459
9815,-296.58541772030435
9816,-403.3984164091495
9817,53.05914031958474
9818,-382.3491564890435
9819,129.76342160535648
9820,160.4887295982731
9821,234.7760081355616
9822,313.1341596290895
9823,268.57902650681126
9824,349.8065017548692
9825,103.4290417279475
9826,441.8654170704904
9827,86.633332016657
9828,85.06619304337026
9829,-170.1908923464036
9830,306.8066317665086
9831,-77.98138051283999
9832,256.21070932464147
9833,-84.71972638331845
9834,109.76326495852784
9835,-163.98195728950287
9836,-315.015995069112
9837,-18.202981827479256
9838,-79.10906282358835
9839,237.411801483092
9840,43.06230878862868
9841,-246.46012538597793
9842,-434.7687206267998
9843,415.0107416271414
9844,-322.15810857461645
9845,-3.3211253346350684
9846,214.55377364175075
9847,422.7151798307626
9848,-460.85348604359336
9849,122.7635774025494
9850,145.1876470419128
9851,199.9814188083896
9852,-397.6087671185254
9853,-311.1760791132348
9854,-336.7648936517771
9855,250.64242312256937
9856,-62.459471005021875
9857,-192.58712200564378
9858,123.36384851207602
9859,95.8680432855503
9860,108.29969272727975
9861,483.2457553171019
9862,54.86004665166402
9863,212.66408163542215
9864,-85.64756428595966
9865,-10.02559002571488
9866,-172.9845051739048
9867,-276.400248195328
9868,-155.5678881068142
9869,-236.09208992989377
9870,277.3164226428591
9871,-81.39964240074791
9872,-296.23007838044026
9873,26.333612738633967
9874,-317.0999898253445
9875,-383.1975468058951
9876,-117.31876082577739
9877,-52.90073270000865
9878,-152.245033473871
9879,-88.78539925599426
9880,160.58838346366497
9881,-192.85249920727958
9882,273.71982546028687
9883,-117.37340869685828
9884,52.90504260450209
9885,166.79081435915313
9886,-303.9062786857124
9887,-117.31315133478033
9888,-374.42758313307735
9889,-312.8286324105456
9890,-175.52675300273953
9891,352.65861296790644
9892,-316.7619696925338
9893,53.71172518951091
9894,-56.84228461139193
9895,25.672073318158667
9896,287.36480034873546
9897,106.73462465285111
9898,312.4599990898413
9899,44.69281787673192
9900,95.75287618845402
9901,472.60396931398935
9902,-66.22915716578049
9903,79.16007212266182
9904,196.04017611381394
9905,-13.10113667918348
9906,19.596496687812902
9907,245.81220258968145
9908,85.38535660912257
9909,-150.3119704071517
9910,-277.84161816885114
9911,40.861082006850175
9912,-72.75984783800139
9913,334.18722314018976
9914,71.0525463556719
9915,-80.35825861991141
9916,193.82975697907455
9917,223.5883973612053
9918,83.40710585087209
9919,30.308449084721246
9920,-25.06646710607782
9921,-95.14635119693693
9922,-217.1001987524617
9923,-70.89810409686551
9924,228.09813352296703
9925,-361.36673946157913
9926,5.625633620731833
9927,239.5149181249069
9928,370.9819981611203
9929,102.44985260238192
9930,-67.72044138640057
9931,-277.96426854299096
9932,298.1963785313423
9933,674.4392064472379
9934,126.08484344333647
9935,98.77990316281563
9936,136.63319565798255
9937,-248.7176878253601
9938,0.5232705424118019
9939,-147.66043621124476
9940,-218.44104811015544
9941,99.4892850213967
9942,-28.34829789712589
9943,-304.53605372846187
9944,-156.053872226347
9945,-212.15244128222233
9946,309.6206383546863
9947,509.24660353465583
9948,-311.1309007729868
9949,99.29292533885193
9950,-225.50088028752427
9951,8.222713036573795
9952,-200.0282992103181
9953,-75.79545733079564
9954,-67.35306968646795
9955,-204.6166245121433
9956,65.47822938914403
9957,-161.09615923310733
9958,102.58304142546385
9959,159.70853787710507
9960,10.431234729900849
9961,188.55314018780956
9962,174.03150416123094
9963,-3.1058905033865383
9964,120.17836117497075
9965,51.514374483812844
9966,-35.968275540232476
9967,-35.1450618717639
9968,-175.6896429316756
9969,-7.183920882574046
9970,139.52763838463977
9971,91.53565575141786
9972,-201.07704958035703
9973,87.23963755492898
9974,425.3530301717135
9975,156.63484076815232
9976,324.3252406581599
9977,-43.484357368201515
9978,-213.27037568424547
9979,80.03965232695279
9980,15.641753624180142
9981,-9.813809822415813
9982,-274.35533433115364
9983,251.15829536725064
9984,128.14133136538672
9985,241.6238087423642
9986,30.108102296261716
9987,-17.50471663682012
9988,451.1890359016227
9989,-189.15579840431974
9990,28.09905410119071
9991,-11.736796175697075
9992,33.59402188181579
9993,-566.6346990878702
9994,177.98329970416987
9995,160.85705305929113
9996,-64.56842961394544
9997,-167.51160652491467
9998,-9.911188057515977
9999,-168.0618278360467
